11,11063,996,327,355,0,1,0,0,1065,0,2,0,2,0,54,7408
12,12063,1075,356,384,0,1,0,0,1153,0,2,0,2,0,54,7408
13,13064,1153,386,414,0,1,0,0,1242,0,2,0,2,0,54,7408
14,14079,1232,416,443,0,1,0,0,1330,0,2,0,2,0,54,7408
15,15094,1311,446,473,0,1,0,0,1419,0,2,0,2,0,54,7408
16,16094,1389,475,502,0,1,0,0,1507,0,2,0,2,0,54,7408
17,17095,1468,505,532,0,1,0,0,1596,0,2,0,2,0,54,7408
18,18108,1546,535,561,0,1,0,0,1685,0,2,0,2,0,54,7408
19,19123,1625,565,591,0,1,0,0,1773,0,2,0,2,0,54,7408
20,20123,1703,594,620,0,1,0,0,1862,0,2,0,2,0,54,7408
21,21124,1782,624,650,0,1,0,0,1950,0,2,0,2,0,54,7408
22,22136,1861,654,680,0,1,0,0,2040,0,2,0,2,0,54,7408
23,23136,1939,683,709,0,1,0,0,2127,0,2,0,2,0,54,7408
24,24137,2018,713,738,0,1,0,0,2217,0,2,0,2,0,54,7408
25,25152,2096,743,768,0,1,0,0,2304,0,2,0,2,0,54,7408
26,26152,2175,772,798,0,1,0,0,2394,0,2,0,2,0,54,7408
27,27152,2253,802,827,0,1,0,0,2481,0,2,0,2,0,54,7408
28,28152,2332,831,856,0,1,0,0,2571,0,2,0,2,0,54,7408
29,29153,2411,861,886,0,1,0,0,2658,0,2,0,2,0,54,7408
30,30153,2489,890,916,0,1,0,0,2748,0,2,0,2,0,54,7408
31,31153,2568,920,945,0,1,0,0,2835,0,2,0,2,0,54,7408
32,32153,2646,949,975,0,1,0,0,2925,0,2,0,2,0,54,7408
33,33154,2725,979,1004,0,1,0,0,3012,0,2,0,2,0,54,7408
34,34168,2804,1009,1034,0,1,0,0,3102,0,2,0,2,0,54,7408
35,35168,2882,1038,1063,0,1,0,0,3189,0,2,0,2,0,54,7408
36,36169,2961,1068,1093,0,1,0,0,3279,0,2,0,2,0,54,7408
37,37183,3039,1098,1122,0,1,0,0,3367,0,2,0,2,0,54,7408
38,38197,3118,1128,1152,0,1,0,0,3456,0,2,0,2,0,54,7408
39,39197,3196,1157,1181,0,1,0,0,3544,0,2,0,2,0,54,7408
40,40198,3275,1187,1211,0,1,0,0,3633,0,2,0,2,0,54,7408
41,41213,3354,1217,1240,0,1,0,0,3721,0,2,0,2,0,54,7408
42,42228,3432,1247,1270,0,1,0,0,3810,0,2,0,2,0,54,7408
43,43228,3511,1276,1299,0,1,0,0,3898,0,2,0,2,0,54,7408
44,44229,3589,1306,1329,0,1,0,0,3987,0,2,0,2,0,54,7408
45,45242,3668,1336,1358,0,1,0,0,4076,0,2,0,2,0,54,7408
46,46257,3746,1366,1388,0,1,0,0,4164,0,2,0,2,0,54,7408
47,47257,3825,1395,1417,0,1,0,0,4254,0,2,0,2,0,54,7408
48,48258,3904,1425,1447,0,1,0,0,4341,0,2,0,2,0,54,7408
49,49270,3982,1455,1477,0,1,0,0,4431,0,2,0,2,0,54,7408
50,50270,4061,1484,1506,0,1,0,0,4519,0,2,0,2,0,0,7408
51,51271,4139,1514,1536,0,1,0,0,4608,0,2,0,2,0,1,7408
52,52285,4218,1544,1565,0,1,0,0,4696,0,2,0,2,0,2,7408
53,53300,4297,1574,1595,0,1,0,0,4785,0,2,0,2,0,3,7408
54,54300,4375,1603,1624,0,1,0,0,4873,0,2,0,2,0,4,7408
55,55300,4454,1633,1654,0,1,0,0,4962,0,2,0,2,0,5,7408
56,56314,4532,1663,1683,0,1,0,0,5050,0,2,0,2,0,6,7408
57,57329,4611,1693,1713,0,1,0,0,5139,0,2,0,2,0,7,7408
58,58329,4689,1722,1742,0,1,0,0,5228,0,2,0,2,0,8,7408
59,59329,4768,1752,1772,0,1,0,0,5316,0,2,0,2,0,8,7408
60,60344,4847,1782,1801,0,1,0,0,5404,0,2,0,2,0,9,7408
61,61359,4925,1812,1831,0,1,0,0,5493,0,2,0,2,0,10,7408
62,62359,5004,1841,1860,0,1,0,0,5583,0,2,0,2,0,11,7408
63,63359,5082,1871,1890,0,1,0,0,5670,0,2,0,2,0,11,7408
64,64374,5161,1901,1920,0,1,0,0,5760,0,2,0,2,0,12,7408
65,65375,5240,1930,1949,0,1,0,0,5847,0,2,0,2,0,13,7408
66,66375,5318,1960,1978,0,1,0,0,5937,0,2,0,2,0,13,7408
67,67390,5397,1990,2008,0,1,0,0,6024,0,2,0,2,0,14,7408
68,68390,5475,2019,2038,0,1,0,0,6114,0,2,0,2,0,14,7408
69,69390,5554,2049,2067,0,1,0,0,6201,0,2,0,2,0,15,7408
70,70390,5632,2078,2097,0,1,0,0,6291,0,2,0,2,0,16,7408
71,71391,5711,2108,2126,0,1,0,0,6378,0,2,0,2,0,16,7408
72,72391,5790,2137,2156,0,1,0,0,6468,0,2,0,2,0,17,7408
73,73392,5868,2167,2185,0,1,0,0,6555,0,2,0,2,0,17,7408
74,74406,5947,2197,2215,0,1,0,0,6645,0,2,0,2,0,18,7408
75,75406,6025,2226,2244,0,1,0,0,6733,0,2,0,2,0,18,7408
76,76406,6104,2256,2274,0,1,0,0,6822,0,2,0,2,0,19,7408
77,77421,6182,2286,2303,0,1,0,0,6910,0,2,0,2,0,19,7408
78,78435,6261,2316,2333,0,1,0,0,6999,0,2,0,2,0,19,7408
79,79435,6340,2345,2362,0,1,0,0,7087,0,2,0,2,0,20,7408
80,80435,6418,2375,2392,0,1,0,0,7176,0,2,0,2,0,20,7408
81,81451,6497,2405,2421,0,1,0,0,7264,0,2,0,2,0,21,7408
82,82466,6575,2435,2451,0,1,0,0,7353,0,2,0,2,0,21,7408
83,83466,6654,2464,2480,0,1,0,0,7441,0,2,0,2,0,21,7408
